ID,Palavra,Imagem,Audio
a8bf2f36,Unha,Palavras_Images/a8bf2f36.Imagem.202853.png,Palavras_Files_/a8bf2f36.Audio.003507.mp3
8a1bfd71,Bola,Palavras_Images/8a1bfd71.Imagem.202525.png,Palavras_Files_/8a1bfd71.Audio.182752.mp3
35652d75,Avião,Palavras_Images/35652d75.Imagem.202213.png,Palavras_Files_/35652d75.Audio.172631.mp3
bbba34c5,Água,Palavras_Images/bbba34c5.Imagem.202224.png,Palavras_Files_/bbba34c5.Audio.173106.mp3
6fd1a502,Chuva,Palavras_Images/6fd1a502.Imagem.202646.png,Palavras_Files_/6fd1a502.Audio.004616.mp3
a5c8a29f,Chá,,Palavras_Files_/a5c8a29f.Audio.004637.mp3
a57dc1fc,Chapéu,Palavras_Images/a57dc1fc.Imagem.202805.png,Palavras_Files_/a57dc1fc.Audio.004650.mp3
0e90d98c,Chinelo,,Palavras_Files_/0e90d98c.Audio.004706.mp3
64868fa4,Xícara,Palavras_Images/64868fa4.Imagem.202931.png,Palavras_Files_/64868fa4.Audio.004719.mp3
3057408f,Chuveiro,,Palavras_Files_/3057408f.Audio.004733.mp3
4b27714a,Chave,Palavras_Images/4b27714a.Imagem.202747.png,Palavras_Files_/4b27714a.Audio.004746.mp3
c59db6d1,Chuchu,,Palavras_Files_/c59db6d1.Audio.004759.mp3
c583af95,Chupeta,,Palavras_Files_/c583af95.Audio.004809.mp3
6d2ac81f,Chocalho,Palavras_Images/6d2ac81f.Imagem.202626.png,Palavras_Files_/6d2ac81f.Audio.004822.mp3
3c45b75d,Churrasco,Palavras_Images/3c45b75d.Imagem.202733.png,Palavras_Files_/3c45b75d.Audio.004845.mp3
e68c22d4,Chocolate,,Palavras_Files_/e68c22d4.Audio.004859.mp3
79e3b16c,Xis,,Palavras_Files_/79e3b16c.Audio.004911.mp3
043f814e,Cheirar,,Palavras_Files_/043f814e.Audio.004925.mp3
0df05fb3,Xadrez,Palavras_Images/0df05fb3.Imagem.203026.png,Palavras_Files_/0df05fb3.Audio.004937.mp3
8fb92589,Chinchila,,Palavras_Files_/8fb92589.Audio.004958.mp3
0075e33a,Xarope,Palavras_Images/0075e33a.Imagem.203125.png,Palavras_Files_/0075e33a.Audio.005012.mp3
9cc04239,Xampu,,Palavras_Files_/9cc04239.Audio.005026.mp3
405e44d3,Chifre,,Palavras_Files_/405e44d3.Audio.005043.mp3
6d9c36d9,Chulé,,Palavras_Files_/6d9c36d9.Audio.005053.mp3
94fab8a4,Chorar,,Palavras_Files_/94fab8a4.Audio.005108.mp3
04707b2c,Chiclete,,Palavras_Files_/04707b2c.Audio.005122.mp3
654301cb,Chegada,,Palavras_Files_/654301cb.Audio.005141.mp3
3e338a6a,Chaminé,,Palavras_Files_/3e338a6a.Audio.005155.mp3
0178a9c9,Chaveiro,,Palavras_Files_/0178a9c9.Audio.005208.mp3
57eda258,Xerife,,Palavras_Files_/57eda258.Audio.005221.mp3
4b13a9d7,Xilofone,,Palavras_Files_/4b13a9d7.Audio.005234.mp3
b758637b,Xale,,Palavras_Files_/b758637b.Audio.005248.mp3
cca4f43f,Cheio,,Palavras_Files_/cca4f43f.Audio.005304.mp3
878d791c,Caixa,Palavras_Images/878d791c.Imagem.203148.png,Palavras_Files_/878d791c.Audio.184152.mp3
090b892e,Queixo,,Palavras_Files_/090b892e.Audio.184224.mp3
84434433,Puxe,,Palavras_Files_/84434433.Audio.041210.mp3
97c2308d,Peixe,,Palavras_Files_/97c2308d.Audio.041256.mp3
a622ee95,Bichos,Palavras_Images/a622ee95.Imagem.202417.png,Palavras_Files_/a622ee95.Audio.182835.mp3
589c8a3d,Agachar,Palavras_Images/589c8a3d.Imagem.202235.png,Palavras_Files_/589c8a3d.Audio.173153.mp3
c0add2b7,Machucado,,Palavras_Files_/c0add2b7.Audio.214105.mp3
4a11be8d,Enxada,,Palavras_Files_/4a11be8d.Audio.201056.mp3
bd5c5d37,Cachimbo,Palavras_Images/bd5c5d37.Imagem.203235.png,Palavras_Files_/bd5c5d37.Audio.184239.mp3
b829ec4d,Cachoeira,,Palavras_Files_/b829ec4d.Audio.184300.mp3
6613634b,Cachorro,Palavras_Images/6613634b.Imagem.203044.png,Palavras_Files_/6613634b.Audio.184319.mp3
7d17669f,Recheio,,Palavras_Files_/7d17669f.Audio.043935.mp3
7a6725b5,Machado,,Palavras_Files_/7a6725b5.Audio.214303.mp3
060d6e3c,Manchada,,Palavras_Files_/060d6e3c.Audio.214335.mp3
39de396d,Enxame,,Palavras_Files_/39de396d.Audio.201109.mp3
c78da1ba,Fechadura,,Palavras_Files_/c78da1ba.Audio.202140.mp3
5511b747,Faxina,,Palavras_Files_/5511b747.Audio.202154.mp3
9ac74973,Fechado,,Palavras_Files_/9ac74973.Audio.202209.mp3
3ba67219,Mexerica,,Palavras_Files_/3ba67219.Audio.214531.mp3
bc7d0d20,Mexilhão,,Palavras_Files_/bc7d0d20.Audio.214551.mp3
3cadbfb0,Bicharada,,Palavras_Files_/3cadbfb0.Audio.182857.mp3
37a552ef,Fichário,,Palavras_Files_/37a552ef.Audio.202238.mp3
1d2bd946,Macaxeira,,Palavras_Files_/1d2bd946.Audio.214633.mp3
5f43a806,Mexicano,,Palavras_Files_/5f43a806.Audio.214647.mp3
bb88002d,Dado,,Palavras_Files_/bb88002d.Audio.194549.mp3
5534eb40,Dedo,,Palavras_Files_/5534eb40.Audio.194606.mp3
19a5746c,Dinossauro,,Palavras_Files_/19a5746c.Audio.194623.mp3
3cafc093,Dominó,,Palavras_Files_/3cafc093.Audio.194645.mp3
2b27cab3,Danone,,Palavras_Files_/2b27cab3.Audio.194703.mp3
ea4bef38,Dinheiro,,Palavras_Files_/ea4bef38.Audio.194720.mp3
5dff59c4,Dentes,,Palavras_Files_/5dff59c4.Audio.194734.mp3
a4890231,Dois,,Palavras_Files_/a4890231.Audio.194757.mp3
33dd0574,Doces,,Palavras_Files_/33dd0574.Audio.194820.mp3
a01defa2,Duende,,Palavras_Files_/a01defa2.Audio.194836.mp3
775cd6ef,Disco,,Palavras_Files_/775cd6ef.Audio.194858.mp3
4805db8b,Ducha,,Palavras_Files_/4805db8b.Audio.194925.mp3
246f5bc1,Garfo,,Palavras_Files_/246f5bc1.Audio.195817.mp3
98dff104,Garrafa,,Palavras_Files_/98dff104.Audio.204933.mp3
eb2dfaee,Sofá,,Palavras_Files_/eb2dfaee.Audio.001341.mp3
2f2f6940,Alfafa,Palavras_Images/2f2f6940.Imagem.202259.png,Palavras_Files_/2f2f6940.Audio.183506.mp3
9931d55e,Trufa,,Palavras_Files_/9931d55e.Audio.002138.mp3
3449f4c8,Tarefa,,Palavras_Files_/3449f4c8.Audio.002152.mp3
d43764bf,Girafa,,Palavras_Files_/d43764bf.Audio.211103.mp3
096ad43e,Farofa,,Palavras_Files_/096ad43e.Audio.202304.mp3
9e939fa0,Chefe,,Palavras_Files_/9e939fa0.Audio.005321.mp3
c81d93f3,Bife,Palavras_Images/c81d93f3.Imagem.202512.png,Palavras_Files_/c81d93f3.Audio.182926.mp3
565d2c68,Autógrafo,,Palavras_Files_/565d2c68.Audio.023946.mp3
d019042a,Coreografia,,Palavras_Files_/d019042a.Audio.184336.mp3
032398fa,Afofar,,Palavras_Files_/032398fa.Audio.051740.mp3
fafd19ae,Estufar,,Palavras_Files_/fafd19ae.Audio.201154.mp3
47594ea1,Borrifar,Palavras_Images/47594ea1.Imagem.203309.png,Palavras_Files_/47594ea1.Audio.182955.mp3
256a6868,Rosbife,,Palavras_Files_/256a6868.Audio.224153.mp3
29c75f7d,Rufe,,Palavras_Files_/29c75f7d.Audio.224234.mp3
36ae40be,Bufe,,Palavras_Files_/36ae40be.Audio.183016.mp3
f1bc79c9,Pifou,,Palavras_Files_/f1bc79c9.Audio.041405.mp3
cdc7ec1e,Fofo,,Palavras_Files_/cdc7ec1e.Audio.202324.mp3
fad47439,Bafo,,Palavras_Files_/fad47439.Audio.183039.mp3
b4ad0a33,Tofu,,Palavras_Files_/b4ad0a33.Audio.002205.mp3
8b11093f,Fada,,Palavras_Files_/8b11093f.Audio.202342.mp3
254a0909,Faca,,Palavras_Files_/254a0909.Audio.202357.mp3
8f80af90,Festa,,Palavras_Files_/8f80af90.Audio.202414.mp3
06d392cb,Filha,,Palavras_Files_/06d392cb.Audio.202431.mp3
316dc522,Filhotes,,Palavras_Files_/316dc522.Audio.202458.mp3
b9e4964e,Foguete,,Palavras_Files_/b9e4964e.Audio.202518.mp3
f48fcf43,Foca,,Palavras_Files_/f48fcf43.Audio.202535.mp3
97b42398,Fita,,Palavras_Files_/97b42398.Audio.202556.mp3
0788fb30,Flor,,Palavras_Files_/0788fb30.Audio.202615.mp3
587b8a99,Formiga,,Palavras_Files_/587b8a99.Audio.202631.mp3
c0f7de5a,Família,,Palavras_Files_/c0f7de5a.Audio.202647.mp3
87ff01af,Fogão,Palavras_Images/87ff01af.Imagem.203201.png,Palavras_Files_/87ff01af.Audio.202704.mp3
c417d37f,Feijão,,Palavras_Files_/c417d37f.Audio.202722.mp3
29336b23,Ferro,,Palavras_Files_/29336b23.Audio.202736.mp3
1c67e79b,Figos,,Palavras_Files_/1c67e79b.Audio.202754.mp3
37d1a7b9,Fusca,,Palavras_Files_/37d1a7b9.Audio.202810.mp3
dd008fa3,Fechar,,Palavras_Files_/dd008fa3.Audio.202827.mp3
2e728b53,Fogo,,Palavras_Files_/2e728b53.Audio.202844.mp3
4294acf9,Foto,,Palavras_Files_/4294acf9.Audio.202912.mp3
2717fff0,Fera,,Palavras_Files_/2717fff0.Audio.202930.mp3
2cbe8b43,Figurinhas,,Palavras_Files_/2cbe8b43.Audio.202945.mp3
726c6f73,Faxina,,Palavras_Files_/726c6f73.Audio.203013.mp3
8a5e6dcb,Fivela,,Palavras_Files_/8a5e6dcb.Audio.203034.mp3
3f29aff9,Fumaça,,Palavras_Files_/3f29aff9.Audio.203059.mp3
e3065507,Fome,,Palavras_Files_/e3065507.Audio.203126.mp3
cf4e5a50,Folia,,Palavras_Files_/cf4e5a50.Audio.203156.mp3
d6effd2a,Fantasia,,Palavras_Files_/d6effd2a.Audio.203230.mp3
ca040125,Fazenda,,Palavras_Files_/ca040125.Audio.203244.mp3
4508f9eb,Fotógrafa,,Palavras_Files_/4508f9eb.Audio.203314.mp3
d833933b,Fórmula,,Palavras_Files_/d833933b.Audio.203335.mp3
997f7d15,Afilhados,,Palavras_Files_/997f7d15.Audio.051833.mp3
2059bcf1,Elefante,Palavras_Images/2059bcf1.Imagem.202437.png,Palavras_Files_/2059bcf1.Audio.201212.mp3
6dccf589,Defesa,,Palavras_Files_/6dccf589.Audio.194944.mp3
df2bd38c,Afiados,,Palavras_Files_/df2bd38c.Audio.051911.mp3
1984590f,Infantil,,Palavras_Files_/1984590f.Audio.210336.mp3
bb983828,Professor,,Palavras_Files_/bb983828.Audio.041447.mp3
b575ead5,Liquidificador,,Palavras_Files_/b575ead5.Audio.170754.mp3
d341db7c,Fofinho,,Palavras_Files_/d341db7c.Audio.203355.mp3
0bb48434,Telefone,,Palavras_Files_/0bb48434.Audio.002218.mp3
7f3e399b,Dificuldade,,Palavras_Files_/7f3e399b.Audio.195000.mp3
375aee4e,Surfista,,Palavras_Files_/375aee4e.Audio.001357.mp3
1ae1e456,Ofensa,,Palavras_Files_/1ae1e456.Audio.035903.mp3
a3f52de4,Inflável,,Palavras_Files_/a3f52de4.Audio.210401.mp3
6f686ffd,Informação,,Palavras_Files_/6f686ffd.Audio.210427.mp3
9897d566,Uniforme,,Palavras_Files_/9897d566.Audio.003530.mp3
b47ff25e,Informática,,Palavras_Files_/b47ff25e.Audio.210444.mp3
3dcb035a,Afeto,,Palavras_Files_/3dcb035a.Audio.051947.mp3
c0e37dfe,Esforço,,Palavras_Files_/c0e37dfe.Audio.201231.mp3
76222800,Afogado,,Palavras_Files_/76222800.Audio.052025.mp3
c407460b,Enfurecido,,Palavras_Files_/c407460b.Audio.201249.mp3
f26e00ed,Enfermeira,,Palavras_Files_/f26e00ed.Audio.201307.mp3
9b0bbd23,Enfeite,,Palavras_Files_/9b0bbd23.Audio.201327.mp3
a2714a2b,Enfileirar,,Palavras_Files_/a2714a2b.Audio.201344.mp3
ffedb2de,Manga,,Palavras_Files_/ffedb2de.Audio.214706.mp3
20e127d0,Mingau,,Palavras_Files_/20e127d0.Audio.214727.mp3
95f11c12,Domingo,,Palavras_Files_/95f11c12.Audio.195016.mp3
38c6f2e1,Flamingo,,Palavras_Files_/38c6f2e1.Audio.203410.mp3
7de2b932,Ligue,,Palavras_Files_/7de2b932.Audio.170815.mp3
f18ccd2e,Digue,,
a767ab45,Mago,,Palavras_Files_/a767ab45.Audio.214751.mp3
0c57a123,Sunga,,Palavras_Files_/0c57a123.Audio.001416.mp3
946344de,Jogo,,Palavras_Files_/946344de.Audio.164913.mp3
93eb0ebf,Dengue,,Palavras_Files_/93eb0ebf.Audio.195129.mp3
8f061e81,Entrega,,Palavras_Files_/8f061e81.Audio.201406.mp3
84bd4035,Esmagar,,Palavras_Files_/84bd4035.Audio.201429.mp3
754f1860,Descarga,,Palavras_Files_/754f1860.Audio.195158.mp3
32a97959,Engasgar,,Palavras_Files_/32a97959.Audio.201448.mp3
aa952115,Pulga,,Palavras_Files_/aa952115.Audio.041503.mp3
53838456,Lago,,Palavras_Files_/53838456.Audio.170841.mp3
fbff48b6,Frango,,Palavras_Files_/fbff48b6.Audio.203507.mp3
5227154b,Amargo,,Palavras_Files_/5227154b.Audio.052121.mp3
72009258,Aspargo,,Palavras_Files_/72009258.Audio.052153.mp3
18d98095,Morango,,Palavras_Files_/18d98095.Audio.214807.mp3
ccc64cb3,Ringue,,Palavras_Files_/ccc64cb3.Audio.224250.mp3
b87ecf3f,Língua,Palavras_Images/b87ecf3f.Imagem.215654.png,Palavras_Files_/b87ecf3f.Audio.170859.mp3
949d9701,Régua,,Palavras_Files_/949d9701.Audio.224310.mp3
b2c3d387,Gato,,Palavras_Files_/b2c3d387.Audio.195946.mp3
4773a122,Galinha,,Palavras_Files_/4773a122.Audio.200008.mp3
404c9b44,Gafanhoto,,Palavras_Files_/404c9b44.Audio.204956.mp3
50919bb8,Guizo,,Palavras_Files_/50919bb8.Audio.200118.mp3
4bf35a4c,Guincho,,Palavras_Files_/4bf35a4c.Audio.200136.mp3
d34e560a,Guepardo,,Palavras_Files_/d34e560a.Audio.200154.mp3
9fe8c27a,Gorro,,Palavras_Files_/9fe8c27a.Audio.200218.mp3
b2350029,Goma,,Palavras_Files_/b2350029.Audio.201328.mp3
b4699007,Gorila,,Palavras_Files_/b4699007.Audio.205004.mp3
2305f1a1,Gulosa,,Palavras_Files_/2305f1a1.Audio.205022.mp3
470f4de6,Garça,,Palavras_Files_/470f4de6.Audio.205045.mp3
7fafd994,Gastar,,Palavras_Files_/7fafd994.Audio.205103.mp3
54999542,Guacamole,,Palavras_Files_/54999542.Audio.205123.mp3
19725cdb,Golfinho,,Palavras_Files_/19725cdb.Audio.205149.mp3
440930aa,Goiaba,Palavras_Images/440930aa.Imagem.203111.png,Palavras_Files_/440930aa.Audio.205205.mp3
d76e8cbe,Golfe,,Palavras_Files_/d76e8cbe.Audio.205225.mp3
fa225834,Gostoso,,Palavras_Files_/fa225834.Audio.205254.mp3
20b68ecc,Gordura,,Palavras_Files_/20b68ecc.Audio.205322.mp3
663a1e3b,Galera,,Palavras_Files_/663a1e3b.Audio.205530.mp3
6368e6c3,Ganso,,Palavras_Files_/6368e6c3.Audio.205603.mp3
b66f7916,Gargalhada,,Palavras_Files_/b66f7916.Audio.205714.mp3
9e462cd2,Guerra,,Palavras_Files_/9e462cd2.Audio.205732.mp3
2f88f7a6,Regador,,Palavras_Files_/2f88f7a6.Audio.224325.mp3
400bec64,Iguana,,Palavras_Files_/400bec64.Audio.210508.mp3
eb01e792,Caranguejo,,Palavras_Files_/eb01e792.Audio.184356.mp3
8493af4d,Tagarela,,Palavras_Files_/8493af4d.Audio.002236.mp3
80ccd508,Mangueira,,Palavras_Files_/80ccd508.Audio.214846.mp3
785c8165,Migalhas,,Palavras_Files_/785c8165.Audio.214917.mp3
a8d9176d,Legumes,Palavras_Images/a8d9176d.Imagem.215722.png,Palavras_Files_/a8d9176d.Audio.170915.mp3
9794ee4a,Zagueiro,,Palavras_Files_/9794ee4a.Audio.005612.mp3
66b218a5,Bagunça,,Palavras_Files_/66b218a5.Audio.183101.mp3
b6cb98c3,Lagoa,,Palavras_Files_/b6cb98c3.Audio.170937.mp3
eb7235a7,Magoado,,Palavras_Files_/eb7235a7.Audio.214936.mp3
b1373ea7,Agulha,,Palavras_Files_/b1373ea7.Audio.052246.mp3
6cae8a30,Bagagem,,Palavras_Files_/6cae8a30.Audio.183123.mp3
40ee254e,Triângulo,,Palavras_Files_/40ee254e.Audio.002252.mp3
a05cb76f,Madrugada,,Palavras_Files_/a05cb76f.Audio.214957.mp3
ac016fac,Lagartixa,,Palavras_Files_/ac016fac.Audio.171014.mp3
0b463aa4,Jogador,,Palavras_Files_/0b463aa4.Audio.164940.mp3
f81a1bb8,Jarra,,Palavras_Files_/f81a1bb8.Audio.165004.mp3
8ae31d07,Jornal,,Palavras_Files_/8ae31d07.Audio.165020.mp3
f361872b,Jacaré,,Palavras_Files_/f361872b.Audio.165038.mp3
03e5e7df,Janela,,Palavras_Files_/03e5e7df.Audio.165059.mp3
a397e8b2,Jaqueta,,Palavras_Files_/a397e8b2.Audio.165122.mp3
f228b078,Joaninha,,Palavras_Files_/f228b078.Audio.165140.mp3
730736b5,Geléia,,Palavras_Files_/730736b5.Audio.165156.mp3
00e6de78,Geladeira,,Palavras_Files_/00e6de78.Audio.205751.mp3
295aec26,Gelo,,Palavras_Files_/295aec26.Audio.205834.mp3
c51c3529,Jardim,,Palavras_Files_/c51c3529.Audio.165219.mp3
bb41ff9d,Jaca,,Palavras_Files_/bb41ff9d.Audio.165241.mp3
65141544,Jabuti,Palavras_Images/65141544.Imagem.202838.png,Palavras_Files_/65141544.Audio.165301.mp3
5806c58c,Jaula,,Palavras_Files_/5806c58c.Audio.165324.mp3
fe3e1bef,Gema,,Palavras_Files_/fe3e1bef.Audio.205853.mp3
dd4b5f42,Jabuticaba,Palavras_Images/dd4b5f42.Imagem.203011.png,Palavras_Files_/dd4b5f42.Audio.165344.mp3
19d4ab48,Jibóia,,Palavras_Files_/19d4ab48.Audio.170203.mp3
044c07f4,Judô,,Palavras_Files_/044c07f4.Audio.170237.mp3
47bdb82b,Jato,,Palavras_Files_/47bdb82b.Audio.170313.mp3
f82e9ef6,Gesso,,Palavras_Files_/f82e9ef6.Audio.170335.mp3
fb3b1b94,Javali,,Palavras_Files_/fb3b1b94.Audio.170417.mp3
864a5a2e,Junina,,Palavras_Files_/864a5a2e.Audio.170433.mp3
de20c23c,Girassol,,Palavras_Files_/de20c23c.Audio.170452.mp3
c90f7f06,Joelho,,Palavras_Files_/c90f7f06.Audio.170519.mp3
8c23e40e,Soja,,Palavras_Files_/8c23e40e.Audio.001434.mp3
9926277e,Laranja,,Palavras_Files_/9926277e.Audio.171044.mp3
8532cf8a,Loja,,Palavras_Files_/8532cf8a.Audio.171113.mp3
eb520f94,Azulejo,,Palavras_Files_/eb520f94.Audio.062958.mp3
83e07a80,Abajur,Palavras_Images/83e07a80.Imagem.202328.png,Palavras_Files_/83e07a80.Audio.063102.mp3
253a7f40,Bocejo,,Palavras_Files_/253a7f40.Audio.183143.mp3
55b65411,Naja,,Palavras_Files_/55b65411.Audio.034048.mp3
a3609fc6,Ninjas,,Palavras_Files_/a3609fc6.Audio.034155.mp3
da1a828d,Igreja,,Palavras_Files_/da1a828d.Audio.210545.mp3
50b87c6c,Viagem,,Palavras_Files_/50b87c6c.Audio.003642.mp3
e198245f,Beijo,,Palavras_Files_/e198245f.Audio.183159.mp3
34b7fb79,Sujo,,Palavras_Files_/34b7fb79.Audio.001449.mp3
ab8153f9,Anjo,,Palavras_Files_/ab8153f9.Audio.063139.mp3
3cab219f,Banjo,,Palavras_Files_/3cab219f.Audio.183218.mp3
ce794cb3,Botijão,,Palavras_Files_/ce794cb3.Audio.183235.mp3
56daa673,Atingir,,Palavras_Files_/56daa673.Audio.063216.mp3
57c47008,Cacarejar,,Palavras_Files_/57c47008.Audio.184413.mp3
053f0bcf,Ferrugem,,Palavras_Files_/053f0bcf.Audio.203523.mp3
64d296e7,Franja,,Palavras_Files_/64d296e7.Audio.203541.mp3
773194d6,Esponja,,Palavras_Files_/773194d6.Audio.201505.mp3
cbd7dd9c,Granja,,Palavras_Files_/cbd7dd9c.Audio.205911.mp3
7ff710f2,Hoje,,Palavras_Files_/7ff710f2.Audio.205037.mp3
49daaaf0,Traje,,Palavras_Files_/49daaaf0.Audio.002304.mp3
ea46ed3f,Mugir,,
6706ea91,Manjar,,Palavras_Files_/6706ea91.Audio.215320.mp3
5eef270a,Manjericão,,Palavras_Files_/5eef270a.Audio.215355.mp3
73756425,Mágico,,Palavras_Files_/73756425.Audio.215515.mp3
2f485cfb,Caju,,Palavras_Files_/2f485cfb.Audio.184438.mp3
c205f6cd,Canjica,,Palavras_Files_/c205f6cd.Audio.184505.mp3
abb09d28,Queijo,,Palavras_Files_/abb09d28.Audio.184540.mp3
5455fad9,Berinjela,,Palavras_Files_/5455fad9.Audio.183252.mp3
ef52eeda,Gotejar,,Palavras_Files_/ef52eeda.Audio.205932.mp3
568c91d9,Arranjo,,Palavras_Files_/568c91d9.Audio.063241.mp3
ac363f5b,Algemas,,Palavras_Files_/ac363f5b.Audio.063308.mp3
3063d04c,Massagem,,Palavras_Files_/3063d04c.Audio.215630.mp3
10f08be0,Garagem,,Palavras_Files_/10f08be0.Audio.205955.mp3
96496f0f,Boneca,,Palavras_Files_/96496f0f.Audio.183314.mp3
05a81704,Faca,,Palavras_Files_/05a81704.Audio.203555.mp3
3e90ed96,Vaca,,Palavras_Files_/3e90ed96.Audio.003654.mp3
da6463a0,Peteca,,Palavras_Files_/da6463a0.Audio.041523.mp3
e4c6651f,Taco,,Palavras_Files_/e4c6651f.Audio.002319.mp3
648c2872,Saco,,Palavras_Files_/648c2872.Audio.001505.mp3
82999713,Pipoca,,Palavras_Files_/82999713.Audio.041656.mp3
e598d7fa,Buraco,,Palavras_Files_/e598d7fa.Audio.183329.mp3
e24482c5,Maluco,,Palavras_Files_/e24482c5.Audio.215700.mp3
3e2b9024,Jaca,,Palavras_Files_/3e2b9024.Audio.170534.mp3
6ba62b78,Boca,,Palavras_Files_/6ba62b78.Audio.183352.mp3
61a1aecd,Casaco,,Palavras_Files_/61a1aecd.Audio.185558.mp3
422ef04d,Casca,,Palavras_Files_/422ef04d.Audio.185618.mp3
b8f93c22,Damasco,,Palavras_Files_/b8f93c22.Audio.195232.mp3
5fd9b43d,Cinco,,Palavras_Files_/5fd9b43d.Audio.001525.mp3
e8a94284,Troco,,Palavras_Files_/e8a94284.Audio.002338.mp3
933cb422,Cheque,,Palavras_Files_/933cb422.Audio.005334.mp3
6f4f7d8f,Truque,,Palavras_Files_/6f4f7d8f.Audio.002354.mp3
58eaed01,Oca,,Palavras_Files_/58eaed01.Audio.040057.mp3
b62e561e,Rico,,Palavras_Files_/b62e561e.Audio.224341.mp3
0a2554a8,Orca,,Palavras_Files_/0a2554a8.Audio.040123.mp3
aa1dac8f,Secar,,Palavras_Files_/aa1dac8f.Audio.001541.mp3
5fcd4aec,Arco,,Palavras_Files_/5fcd4aec.Audio.063335.mp3
cc3e66c8,Rabisco,,Palavras_Files_/cc3e66c8.Audio.224355.mp3
c8d53154,Cadeira,,Palavras_Files_/c8d53154.Audio.185635.mp3
67402d48,Camelo,,Palavras_Files_/67402d48.Audio.185651.mp3
e2ef289d,Caneta,,Palavras_Files_/e2ef289d.Audio.185709.mp3
9b5bf191,Coelho,,Palavras_Files_/9b5bf191.Audio.185728.mp3
592878c8,Cobra,Palavras_Images/592878c8.Imagem.215801.png,Palavras_Files_/592878c8.Audio.185749.mp3
105f55ec,Coruja,,Palavras_Files_/105f55ec.Audio.185811.mp3
9296c34a,Carro,,Palavras_Files_/9296c34a.Audio.185837.mp3
076bd74b,Caminhão,,Palavras_Files_/076bd74b.Audio.185859.mp3
c3c9c5bf,Cabelo,,Palavras_Files_/c3c9c5bf.Audio.185925.mp3
160a5813,Coco,,Palavras_Files_/160a5813.Audio.185957.mp3
8c93f3f3,Colher,,Palavras_Files_/8c93f3f3.Audio.190021.mp3
667c92bc,Coqueiro,,Palavras_Files_/667c92bc.Audio.190038.mp3
ebcc25dc,Cadeado,,Palavras_Files_/ebcc25dc.Audio.190057.mp3
0ca17df6,Quilo,,Palavras_Files_/0ca17df6.Audio.190122.mp3
5a34aec3,Queijo,,Palavras_Files_/5a34aec3.Audio.190152.mp3
7c2fe3ce,Concha,,Palavras_Files_/7c2fe3ce.Audio.190210.mp3
d737c86c,Comprar,,Palavras_Files_/d737c86c.Audio.190228.mp3
a9c6b661,Macaco,,Palavras_Files_/a9c6b661.Audio.215741.mp3
dc2f293e,Macarrão,,Palavras_Files_/dc2f293e.Audio.215757.mp3
d0bd9390,Abacaxi,Palavras_Images/d0bd9390.Imagem.202343.png,Palavras_Files_/d0bd9390.Audio.063356.mp3
80599398,Abacate,,Palavras_Files_/80599398.Audio.063418.mp3
3ce7d5ae,Cacau,,Palavras_Files_/3ce7d5ae.Audio.190247.mp3
7ce8fffb,Leque,,Palavras_Files_/7ce8fffb.Audio.211736.mp3
49828d92,Máquina,,Palavras_Files_/49828d92.Audio.215814.mp3
e72dc3f0,Caqui,,Palavras_Files_/e72dc3f0.Audio.190319.mp3
94171f05,Esquilo,,Palavras_Files_/94171f05.Audio.201521.mp3
de86a77f,Tanque,,Palavras_Files_/de86a77f.Audio.002412.mp3
d61c0c7e,Periquito,,Palavras_Files_/d61c0c7e.Audio.041721.mp3
769689d6,Pequena,,Palavras_Files_/769689d6.Audio.041739.mp3
b51d1551,Esqueleto,,Palavras_Files_/b51d1551.Audio.201537.mp3
66a61164,Raquete,,Palavras_Files_/66a61164.Audio.224411.mp3
f2358e2e,Riqueza,,Palavras_Files_/f2358e2e.Audio.000907.mp3
6aaeab9f,Cocar,,Palavras_Files_/6aaeab9f.Audio.190337.mp3
71807b7d,Alquimista,,Palavras_Files_/71807b7d.Audio.063440.mp3
0af3ac56,Arquiteto,,Palavras_Files_/0af3ac56.Audio.181820.mp3
9975f0c4,Esquentar,,Palavras_Files_/9975f0c4.Audio.201554.mp3
e1709233,Esquerda,,Palavras_Files_/e1709233.Audio.201610.mp3
75452db8,Liquidação,,Palavras_Files_/75452db8.Audio.211805.mp3
28985de4,Pequenique,,Palavras_Files_/28985de4.Audio.041807.mp3
069570ff,Lua,,Palavras_Files_/069570ff.Audio.211827.mp3
a4eb5a3a,Lata,,Palavras_Files_/a4eb5a3a.Audio.211845.mp3
3ef0a35d,Lagarta,,Palavras_Files_/3ef0a35d.Audio.211913.mp3
5fca7c8d,Leopardo,,Palavras_Files_/5fca7c8d.Audio.212047.mp3
88eef434,Lapiseira,,Palavras_Files_/88eef434.Audio.212113.mp3
19f47441,Leão,,Palavras_Files_/19f47441.Audio.212131.mp3
71625123,Língua,Palavras_Images/71625123.Imagem.215822.png,Palavras_Files_/71625123.Audio.212206.mp3
c8e01782,Lápis,,Palavras_Files_/c8e01782.Audio.212225.mp3
2d58ebfc,Leite,,Palavras_Files_/2d58ebfc.Audio.212311.mp3
00713dc9,Lanterna,,Palavras_Files_/00713dc9.Audio.212328.mp3
51180d99,Lareira,,Palavras_Files_/51180d99.Audio.212349.mp3
03de0cc8,Livro,,Palavras_Files_/03de0cc8.Audio.212406.mp3
3922aae7,Louça,,Palavras_Files_/3922aae7.Audio.212428.mp3
73666562,Limão,Palavras_Images/73666562.Imagem.202452.png,Palavras_Files_/73666562.Audio.212448.mp3
7ff3582d,Luvas,,Palavras_Files_/7ff3582d.Audio.212519.mp3
23b71c8f,Lenço,,Palavras_Files_/23b71c8f.Audio.212637.mp3
b01e0ab5,Lenha,,Palavras_Files_/b01e0ab5.Audio.212657.mp3
41a1023e,Lupa,,Palavras_Files_/41a1023e.Audio.212735.mp3
abae8e89,Lobo,,Palavras_Files_/abae8e89.Audio.212754.mp3
60fa4b77,Lousa,,Palavras_Files_/60fa4b77.Audio.212844.mp3
bcb792fe,Lixeira,,Palavras_Files_/bcb792fe.Audio.212907.mp3
186af6b0,Limpa,,Palavras_Files_/186af6b0.Audio.212922.mp3
4dac750c,Lixa,,Palavras_Files_/4dac750c.Audio.212941.mp3
d1d4455e,Leitão,,Palavras_Files_/d1d4455e.Audio.213001.mp3
f7f6c2dd,Lesma,,Palavras_Files_/f7f6c2dd.Audio.213021.mp3
d4cd340d,Leitura,,Palavras_Files_/d4cd340d.Audio.213106.mp3
57c2c7fc,Limpeza,,Palavras_Files_/57c2c7fc.Audio.213125.mp3
e4300963,Linda,,Palavras_Files_/e4300963.Audio.213208.mp3
8b764d69,Lâmpada,,Palavras_Files_/8b764d69.Audio.213229.mp3
270047c7,Luz,,Palavras_Files_/270047c7.Audio.213313.mp3
32951ec0,Lampião,,Palavras_Files_/32951ec0.Audio.213349.mp3
399725b8,Lentes,,Palavras_Files_/399725b8.Audio.213439.mp3
cfd85fd8,Letras,,Palavras_Files_/cfd85fd8.Audio.213455.mp3
a36dfe6c,Lindo,,Palavras_Files_/a36dfe6c.Audio.213520.mp3
c00f4394,Lamparina,,Palavras_Files_/c00f4394.Audio.213556.mp3
bd5ca718,Bolo,,Palavras_Files_/bd5ca718.Audio.183411.mp3
bbe5166e,Cabelo,,Palavras_Files_/bbe5166e.Audio.190405.mp3
f1b455b9,Pele,,Palavras_Files_/f1b455b9.Audio.041910.mp3
8a1958da,Mala,,Palavras_Files_/8a1958da.Audio.215840.mp3
27027169,Cola,,Palavras_Files_/27027169.Audio.190424.mp3
b7c0c392,Bala,,Palavras_Files_/b7c0c392.Audio.183428.mp3
ac49b771,Escola,,Palavras_Files_/ac49b771.Audio.201626.mp3
192d0b73,Sacola,,Palavras_Files_/192d0b73.Audio.001556.mp3
78f76e3b,Mola,,Palavras_Files_/78f76e3b.Audio.215903.mp3
30758c7b,Panela,,Palavras_Files_/30758c7b.Audio.041928.mp3
bea45544,Camelo,,Palavras_Files_/bea45544.Audio.190441.mp3
7eb3e4a7,Relógio,,Palavras_Files_/7eb3e4a7.Audio.001044.mp3
c110c68e,Talento,,Palavras_Files_/c110c68e.Audio.002429.mp3
a5bb4e24,Alimentos,,Palavras_Files_/a5bb4e24.Audio.181900.mp3
26637937,Delícia,,Palavras_Files_/26637937.Audio.195305.mp3
e93a2d12,Helicóptero,,Palavras_Files_/e93a2d12.Audio.205102.mp3
cbeab68b,Ralador,,Palavras_Files_/cbeab68b.Audio.001108.mp3
bedf4650,Palitos,,Palavras_Files_/bedf4650.Audio.041945.mp3
d8aa294c,Alicate,Palavras_Images/d8aa294c.Imagem.202402.png,Palavras_Files_/d8aa294c.Audio.181924.mp3
9d736e11,Alegria,,Palavras_Files_/9d736e11.Audio.181946.mp3
13898097,Salada,,Palavras_Files_/13898097.Audio.001638.mp3
e44f50ba,Gelatina,,Palavras_Files_/e44f50ba.Audio.170552.mp3
a6945623,Galocha,,Palavras_Files_/a6945623.Audio.210031.mp3
a1c84bfe,Chaleira,,Palavras_Files_/a1c84bfe.Audio.005347.mp3
39b7ee12,Baleia,,Palavras_Files_/39b7ee12.Audio.183445.mp3
211a6928,Blusa,,Palavras_Files_/211a6928.Audio.183459.mp3
8a82c646,Flauta,,Palavras_Files_/8a82c646.Audio.203613.mp3
7991a14f,Clínica,,Palavras_Files_/7991a14f.Audio.005740.mp3
f8013b95,Floresta,,Palavras_Files_/f8013b95.Audio.203632.mp3
e2958798,Planta,,Palavras_Files_/e2958798.Audio.042002.mp3
76fecb51,Pluma,,Palavras_Files_/76fecb51.Audio.042017.mp3
9b61faa6,Planeta,,Palavras_Files_/9b61faa6.Audio.042032.mp3
38355f81,Biblioteca,,Palavras_Files_/38355f81.Audio.183521.mp3
43ed7ad0,Chiclete,,Palavras_Files_/43ed7ad0.Audio.005409.mp3
604d398c,Bicicleta,,Palavras_Files_/604d398c.Audio.183546.mp3
7a6423f1,Classe,,Palavras_Files_/7a6423f1.Audio.005900.mp3
872f80ac,Blocos,,Palavras_Files_/872f80ac.Audio.183605.mp3
8243cc9b,Clima,,Palavras_Files_/8243cc9b.Audio.005803.mp3
7cc2aebf,Problema,,Palavras_Files_/7cc2aebf.Audio.042059.mp3
15d2385b,Motocicleta,,Palavras_Files_/15d2385b.Audio.215932.mp3
76972b5e,Diploma,,Palavras_Files_/76972b5e.Audio.195325.mp3
6004d056,Glacial,,Palavras_Files_/6004d056.Audio.210047.mp3
b14b2b4a,Iglu,,Palavras_Files_/b14b2b4a.Audio.210740.mp3
8a6678ce,Brilhante,,Palavras_Files_/8a6678ce.Audio.183626.mp3
96b574c7,Blush,,Palavras_Files_/96b574c7.Audio.183644.mp3
4bd8b491,Brilho,,Palavras_Files_/4bd8b491.Audio.183702.mp3
2e5b7831,Espelho,,Palavras_Files_/2e5b7831.Audio.201643.mp3
ac9b7d54,Neve,,Palavras_Files_/ac9b7d54.Audio.034252.mp3
657ae3fd,Navio,,Palavras_Files_/657ae3fd.Audio.034352.mp3
d47c7db3,Nariz,,Palavras_Files_/d47c7db3.Audio.034442.mp3
cab6c69c,Noel,,Palavras_Files_/cab6c69c.Audio.034519.mp3
bb242da7,Nave,,Palavras_Files_/bb242da7.Audio.034549.mp3
207aae33,Natal,,Palavras_Files_/207aae33.Audio.034638.mp3
251c0551,Ninho,,Palavras_Files_/251c0551.Audio.034740.mp3
3e3315b9,Navegar,,Palavras_Files_/3e3315b9.Audio.034819.mp3
b7188a17,Nove,,Palavras_Files_/b7188a17.Audio.035002.mp3
d6f9f958,Novelo,,Palavras_Files_/d6f9f958.Audio.035109.mp3
22f530de,Nuvem,,Palavras_Files_/22f530de.Audio.035217.mp3
e503f286,Nadar,,Palavras_Files_/e503f286.Audio.035503.mp3
b04f9942,Porta,,Palavras_Files_/b04f9942.Audio.042119.mp3
21eb6bbd,Força,,Palavras_Files_/21eb6bbd.Audio.203704.mp3
9012c97a,Torta,,Palavras_Files_/9012c97a.Audio.002445.mp3
7f5fc194,Horta,,Palavras_Files_/7f5fc194.Audio.205153.mp3
8927253a,Norte,,Palavras_Files_/8927253a.Audio.035537.mp3
03a080c5,Jogar,,Palavras_Files_/03a080c5.Audio.170613.mp3
9eabda98,Marte,,Palavras_Files_/9eabda98.Audio.215954.mp3
a8464ea0,Recortar,,Palavras_Files_/a8464ea0.Audio.001132.mp3
33212235,Pintar,,Palavras_Files_/33212235.Audio.042137.mp3
1b71481a,Ler,,Palavras_Files_/1b71481a.Audio.213618.mp3
3e440dc2,Assistir,,Palavras_Files_/3e440dc2.Audio.182007.mp3
533c48e6,Regar,,Palavras_Files_/533c48e6.Audio.001147.mp3
54a93242,Torcer,,Palavras_Files_/54a93242.Audio.002514.mp3
d037f108,Correr,,Palavras_Files_/d037f108.Audio.005923.mp3
77e213fd,Escrever,,Palavras_Files_/77e213fd.Audio.201700.mp3
d5383174,Porteira,,Palavras_Files_/d5383174.Audio.042227.mp3
9ad49551,Porco,,Palavras_Files_/9ad49551.Audio.042259.mp3
fcc77088,Amor,,Palavras_Files_/fcc77088.Audio.182030.mp3
1977e87b,Calor,,Palavras_Files_/1977e87b.Audio.005943.mp3
b6addf56,Corpo,,Palavras_Files_/b6addf56.Audio.191122.mp3
943c0e45,Colar,,Palavras_Files_/943c0e45.Audio.191138.mp3
384c199a,Lamber,Palavras_Images/384c199a.Imagem.202557.png,Palavras_Files_/384c199a.Audio.213636.mp3
dc9b48f3,Chutar,,Palavras_Files_/dc9b48f3.Audio.005423.mp3
9686a76e,Assoprar,,Palavras_Files_/9686a76e.Audio.182155.mp3
cadd3f57,Tirar,,Palavras_Files_/cadd3f57.Audio.002530.mp3
d8479aae,Girar,,Palavras_Files_/d8479aae.Audio.210109.mp3
6fda8aa7,Dançar,,Palavras_Files_/6fda8aa7.Audio.195345.mp3
f1d8ba91,Pular,,Palavras_Files_/f1d8ba91.Audio.042322.mp3
d505091e,Comer,,Palavras_Files_/d505091e.Audio.191201.mp3
4a8dcb7a,Dormir,,Palavras_Files_/4a8dcb7a.Audio.195405.mp3
15fff854,Cadarço,,Palavras_Files_/15fff854.Audio.191220.mp3
a9a386dd,Disfarce,,Palavras_Files_/a9a386dd.Audio.195431.mp3
d8e15c00,Enturmar,,Palavras_Files_/d8e15c00.Audio.201725.mp3
7fa8e2ce,Envergonhado,,Palavras_Files_/7fa8e2ce.Audio.201740.mp3
b1e54622,Unicórnio,,Palavras_Files_/b1e54622.Audio.003548.mp3
78cf4d7a,Caverna,,Palavras_Files_/78cf4d7a.Audio.191234.mp3
ac0768bb,Caderno,,Palavras_Files_/ac0768bb.Audio.191250.mp3
0fdc2535,Inverno,,Palavras_Files_/0fdc2535.Audio.210814.mp3
2c151e2f,Paterno,,Palavras_Files_/2c151e2f.Audio.042352.mp3
dd7ea275,Materna,,Palavras_Files_/dd7ea275.Audio.220112.mp3
b45b8f11,Coberta,,Palavras_Files_/b45b8f11.Audio.191309.mp3
3148cc85,Leopardo,,Palavras_Files_/3148cc85.Audio.213653.mp3
8235d311,Lagarto,,Palavras_Files_/8235d311.Audio.213710.mp3
f166340e,Oferta,,Palavras_Files_/f166340e.Audio.040150.mp3
d902c606,Reforço,,Palavras_Files_/d902c606.Audio.001201.mp3
94aa6ceb,Mostarda,,Palavras_Files_/94aa6ceb.Audio.220145.mp3
a913b27d,Lagartixa,,Palavras_Files_/a913b27d.Audio.213728.mp3
7f84256e,Braço,,Palavras_Files_/7f84256e.Audio.183724.mp3
61fb860f,Bruxa,,Palavras_Files_/61fb860f.Audio.183742.mp3
6613fb94,Brócolis,,Palavras_Files_/6613fb94.Audio.183759.mp3
a9455cba,Crocodilo,,Palavras_Files_/a9455cba.Audio.191323.mp3
29af9f7e,Crianças,,Palavras_Files_/29af9f7e.Audio.191340.mp3
f3c70274,Dragão,,Palavras_Files_/f3c70274.Audio.195451.mp3
299a4b8e,Brasil,,Palavras_Files_/299a4b8e.Audio.183817.mp3
8bf65869,Truco,,Palavras_Files_/8bf65869.Audio.002547.mp3
585ba458,Travessa,,Palavras_Files_/585ba458.Audio.002603.mp3
0df3861f,Brigadeiro,,Palavras_Files_/0df3861f.Audio.183837.mp3
e4650af6,Travesseiro,,Palavras_Files_/e4650af6.Audio.002621.mp3
4d534fa7,Tricô,,Palavras_Files_/4d534fa7.Audio.002635.mp3
99719e8f,Trovão,,Palavras_Files_/99719e8f.Audio.002650.mp3
fc6b8965,Pratos,,Palavras_Files_/fc6b8965.Audio.042442.mp3
87aa7dc8,Princesa,,Palavras_Files_/87aa7dc8.Audio.042508.mp3
36aa7e56,Trocado,,Palavras_Files_/36aa7e56.Audio.002707.mp3
71496ce6,Fruteira,,Palavras_Files_/71496ce6.Audio.203721.mp3
0a09c14c,Frigideira,,Palavras_Files_/0a09c14c.Audio.203736.mp3
2ac7fad8,Prateleira,,Palavras_Files_/2ac7fad8.Audio.010032.mp3
8159d5cb,Primavera,,Palavras_Files_/8159d5cb.Audio.042702.mp3
d0f0729d,Príncipe,,Palavras_Files_/d0f0729d.Audio.042811.mp3
20567639,Trenó,,Palavras_Files_/20567639.Audio.002727.mp3
5d5a74ed,Treino,,Palavras_Files_/5d5a74ed.Audio.002743.mp3
7245c653,Trabalho,,Palavras_Files_/7245c653.Audio.002759.mp3
39de58d4,Grupo,,Palavras_Files_/39de58d4.Audio.210123.mp3
cece6152,Presente,,Palavras_Files_/cece6152.Audio.042826.mp3
109e94b9,Primeiro,,Palavras_Files_/109e94b9.Audio.042923.mp3
2f93e408,Promoção,,Palavras_Files_/2f93e408.Audio.042957.mp3
a6570900,Profissões,,Palavras_Files_/a6570900.Audio.043025.mp3
0b392624,Fralda,,Palavras_Files_/0b392624.Audio.203802.mp3
13a8b59a,Fritar,,Palavras_Files_/13a8b59a.Audio.204017.mp3
75b3db56,Tronco,,Palavras_Files_/75b3db56.Audio.002812.mp3
bf0bbea8,Trono,,Palavras_Files_/bf0bbea8.Audio.002828.mp3
562a1a66,Trator,,Palavras_Files_/562a1a66.Audio.002842.mp3
e589dc8a,Professora,,Palavras_Files_/e589dc8a.Audio.043046.mp3
16e2feb3,Trânsito,,Palavras_Files_/16e2feb3.Audio.002855.mp3
d2f91704,Praia,,Palavras_Files_/d2f91704.Audio.043104.mp3
7f7a5a81,Cobra,Palavras_Images/7f7a5a81.Imagem.215841.png,Palavras_Files_/7f7a5a81.Audio.191357.mp3
de6834eb,Cabra,,Palavras_Files_/de6834eb.Audio.191414.mp3
f8558fd7,Setembro,,Palavras_Files_/f8558fd7.Audio.001705.mp3
c2b1cb8c,Outubro,,Palavras_Files_/c2b1cb8c.Audio.040215.mp3
2349215d,Dezembro,,Palavras_Files_/2349215d.Audio.195507.mp3
45163fa3,Podre,,Palavras_Files_/45163fa3.Audio.043128.mp3
c14a3ef5,Cruz,,Palavras_Files_/c14a3ef5.Audio.191433.mp3
f1de376e,Cru,,Palavras_Files_/f1de376e.Audio.191450.mp3
f0de2e47,Micro,,Palavras_Files_/f0de2e47.Audio.220233.mp3
98112231,Padre,,Palavras_Files_/98112231.Audio.043155.mp3
9f63a361,Pedra,,Palavras_Files_/9f63a361.Audio.043217.mp3
73b78e2b,Vidro,,Palavras_Files_/73b78e2b.Audio.003706.mp3
d9ea73c5,Quadro,,Palavras_Files_/d9ea73c5.Audio.191510.mp3
5b6bed79,Metrô,,Palavras_Files_/5b6bed79.Audio.220302.mp3
add05cb6,Quatro,,Palavras_Files_/add05cb6.Audio.191528.mp3
51553552,Pátria,,Palavras_Files_/51553552.Audio.043236.mp3
7e2dfa00,Cobrar,,Palavras_Files_/7e2dfa00.Audio.191548.mp3
194a02ef,Cobrir,,Palavras_Files_/194a02ef.Audio.191609.mp3
f3e55d31,Quebrar,,Palavras_Files_/f3e55d31.Audio.191628.mp3
e74c5eab,Construir,,Palavras_Files_/e74c5eab.Audio.191647.mp3
fce39465,Criar,,Palavras_Files_/fce39465.Audio.191705.mp3
69a7d85e,Equilibrar,,Palavras_Files_/69a7d85e.Audio.201756.mp3
bc774ced,Maltratar,,Palavras_Files_/bc774ced.Audio.220333.mp3
233d8a2e,Dobradiça,,Palavras_Files_/233d8a2e.Audio.195529.mp3
deb8dcc3,Quebrada,,Palavras_Files_/deb8dcc3.Audio.191721.mp3
90b006b0,Dobradura,,Palavras_Files_/90b006b0.Audio.195609.mp3
8b430201,Embrulho,,Palavras_Files_/8b430201.Audio.201815.mp3
96a4dada,Cabrito,,Palavras_Files_/96a4dada.Audio.191742.mp3
9eecd71a,Abril,,Palavras_Files_/9eecd71a.Audio.182225.mp3
5483676b,Pedreiro,,Palavras_Files_/5483676b.Audio.043309.mp3
49ac8942,Vidraça,,Palavras_Files_/49ac8942.Audio.003718.mp3
21d9057a,Madrugada,,Palavras_Files_/21d9057a.Audio.220431.mp3
0cbdcd6e,Medroso,,Palavras_Files_/0cbdcd6e.Audio.220450.mp3
e1f913a1,Edredom,,Palavras_Files_/e1f913a1.Audio.201839.mp3
945a699b,Refrigerante,,Palavras_Files_/945a699b.Audio.001216.mp3
133b252b,Resfriado,,Palavras_Files_/133b252b.Audio.001238.mp3
11c0ebd7,Igreja,,Palavras_Files_/11c0ebd7.Audio.210845.mp3
57b3f7d5,Agrião,,Palavras_Files_/57b3f7d5.Audio.182242.mp3
08941cfe,Alegria,,Palavras_Files_/08941cfe.Audio.182320.mp3
b238f71c,Tigresa,,Palavras_Files_/b238f71c.Audio.002913.mp3
e9c0bf14,Impressora,,Palavras_Files_/e9c0bf14.Audio.210915.mp3
fb1cf7a5,Arara,,Palavras_Files_/fb1cf7a5.Audio.182345.mp3
a0e6e4bc,Barata,,Palavras_Files_/a0e6e4bc.Audio.183905.mp3
1966a1a8,Aranha,,Palavras_Files_/1966a1a8.Audio.182406.mp3
e6d56a5c,Batedeira,,Palavras_Files_/e6d56a5c.Audio.183922.mp3
d534820c,Tesoura,,Palavras_Files_/d534820c.Audio.002934.mp3
415f5063,Procura,,Palavras_Files_/415f5063.Audio.043339.mp3
6c682843,Mangueira,,Palavras_Files_/6c682843.Audio.220511.mp3
8a8fd1ce,Madeira,,Palavras_Files_/8a8fd1ce.Audio.220532.mp3
a466d8d6,Lixeira,,Palavras_Files_/a466d8d6.Audio.213755.mp3
7d4e09ad,Figura,,Palavras_Files_/7d4e09ad.Audio.204039.mp3
b815fdf8,Mistura,,Palavras_Files_/b815fdf8.Audio.220600.mp3
cf2f3ba8,Parceira,,Palavras_Files_/cf2f3ba8.Audio.043404.mp3
4290916a,Brasileira,,Palavras_Files_/4290916a.Audio.183943.mp3
8e56befc,Carteira,,Palavras_Files_/8e56befc.Audio.191805.mp3
faf5d6ae,Ratoeira,,Palavras_Files_/faf5d6ae.Audio.001257.mp3
2a425714,Cintura,,Palavras_Files_/2a425714.Audio.001720.mp3
e183b479,Gordura,,Palavras_Files_/e183b479.Audio.210140.mp3
30ea4eb0,Galera,,Palavras_Files_/30ea4eb0.Audio.210155.mp3
36947fad,Lancheira,,Palavras_Files_/36947fad.Audio.213813.mp3
8da56fe2,Penteadeira,,Palavras_Files_/8da56fe2.Audio.043426.mp3
18abb53a,Parede,,Palavras_Files_/18abb53a.Audio.043442.mp3
6a949eb4,Mureta,,Palavras_Files_/6a949eb4.Audio.220623.mp3
649a1eae,Dureza,,Palavras_Files_/649a1eae.Audio.195625.mp3
cfe26e5a,Árvore,,Palavras_Files_/cfe26e5a.Audio.182432.mp3
05e7322e,Segure,,Palavras_Files_/05e7322e.Audio.001734.mp3
35fc74e3,Misture,,Palavras_Files_/35fc74e3.Audio.220649.mp3
ebe646fc,Procure,,Palavras_Files_/ebe646fc.Audio.043502.mp3
d2868579,Costure,,Palavras_Files_/d2868579.Audio.191824.mp3
e7a3b3d9,Vire,,Palavras_Files_/e7a3b3d9.Audio.003730.mp3
f0d9c6ef,Tire,,Palavras_Files_/f0d9c6ef.Audio.002947.mp3
36f1ec2d,Gire,,Palavras_Files_/36f1ec2d.Audio.170638.mp3
82d42714,Mire,,Palavras_Files_/82d42714.Audio.220709.mp3
38dfc1ed,Ore,,Palavras_Files_/38dfc1ed.Audio.040249.mp3
38abdd11,Pare,,Palavras_Files_/38abdd11.Audio.043519.mp3
80ea9f9d,Chore,,Palavras_Files_/80ea9f9d.Audio.005437.mp3
5ea86bb4,Confere,,Palavras_Files_/5ea86bb4.Audio.191843.mp3
88cf8f5d,Espere,,Palavras_Files_/88cf8f5d.Audio.201911.mp3
223c7022,Cheire,,Palavras_Files_/223c7022.Audio.005455.mp3
e9044665,Farinha,,Palavras_Files_/e9044665.Audio.204053.mp3
40e40f4a,Narina,,Palavras_Files_/40e40f4a.Audio.035621.mp3
b4f5c360,Padaria,,Palavras_Files_/b4f5c360.Audio.043536.mp3
e6c79dcf,Cavalo,,Palavras_Files_/e6c79dcf.Audio.191901.mp3
11302f3f,Periquito,,Palavras_Files_/11302f3f.Audio.043556.mp3
c63997b3,Marisco,,Palavras_Files_/c63997b3.Audio.220732.mp3
1c9a68b1,Siri,,Palavras_Files_/1c9a68b1.Audio.001750.mp3
ef8c0156,Lambari,,Palavras_Files_/ef8c0156.Audio.213831.mp3
af31df99,Ouriço,,Palavras_Files_/af31df99.Audio.040337.mp3
844cdfd6,Marinha,,Palavras_Files_/844cdfd6.Audio.220812.mp3
a62bba3d,Ouro,,Palavras_Files_/a62bba3d.Audio.040626.mp3
bb03c72d,Choro,,Palavras_Files_/bb03c72d.Audio.005510.mp3
38656eb1,Futuro,,Palavras_Files_/38656eb1.Audio.204120.mp3
718f04d8,Escuro,,Palavras_Files_/718f04d8.Audio.201926.mp3
ecf3a943,Vampiro,,Palavras_Files_/ecf3a943.Audio.003742.mp3
1244ee41,Tesouro,,Palavras_Files_/1244ee41.Audio.003004.mp3
b186040c,Besouro,,Palavras_Files_/b186040c.Audio.184002.mp3
fcb97e74,Namoro,,Palavras_Files_/fcb97e74.Audio.035646.mp3
72ba3b86,Cheiro,,Palavras_Files_/72ba3b86.Audio.005525.mp3
f71ea7cd,Goleiro,,Palavras_Files_/f71ea7cd.Audio.210214.mp3
0aab1442,Chuveiro,,Palavras_Files_/0aab1442.Audio.005539.mp3
8df351b3,Urubu,,Palavras_Files_/8df351b3.Audio.003602.mp3
97ac3f78,Peruca,,Palavras_Files_/97ac3f78.Audio.043620.mp3
fd679a7f,Pirulito,,Palavras_Files_/fd679a7f.Audio.043646.mp3
8d434a80,Coruja,,Palavras_Files_/8d434a80.Audio.191922.mp3
fc6f590f,Marujo,,Palavras_Files_/fc6f590f.Audio.220829.mp3
af053ba5,Tartaruga,,Palavras_Files_/af053ba5.Audio.003020.mp3
91ba8e06,Peru,,Palavras_Files_/91ba8e06.Audio.043715.mp3
88781f77,Biruta,,Palavras_Files_/88781f77.Audio.184038.mp3
6e607fb5,Barulho,,Palavras_Files_/6e607fb5.Audio.184059.mp3
4977aca9,Bauru,,Palavras_Files_/4977aca9.Audio.184116.mp3
9663ca4a,Canguru,,Palavras_Files_/9663ca4a.Audio.191946.mp3
f461711e,Curupira,,Palavras_Files_/f461711e.Audio.192003.mp3
00ecf92f,Garupa,,Palavras_Files_/00ecf92f.Audio.210229.mp3
a8175fac,Jururu,,Palavras_Files_/a8175fac.Audio.170700.mp3
e52a21ed,Sapo,,Palavras_Files_/e52a21ed.Audio.001802.mp3
a3d7068a,Perua,,Palavras_Files_/a3d7068a.Audio.043732.mp3
0452b4cf,Peixe,,Palavras_Files_/0452b4cf.Audio.043750.mp3
21410ea5,Querubim,,Palavras_Files_/21410ea5.Audio.192024.mp3
7d8d04b1,Selo,,Palavras_Files_/7d8d04b1.Audio.001816.mp3
1ab055f1,Sapato,,Palavras_Files_/1ab055f1.Audio.001829.mp3
175f83f7,Sabão,Palavras_Images/175f83f7.Imagem.202952.png,Palavras_Files_/175f83f7.Audio.001843.mp3
b38f6686,Sorrir,,Palavras_Files_/b38f6686.Audio.001859.mp3
e07b2ed4,Sonhar,,Palavras_Files_/e07b2ed4.Audio.001911.mp3
c08e2e21,Sinos,,Palavras_Files_/c08e2e21.Audio.001923.mp3
4968382d,Sofá,,Palavras_Files_/4968382d.Audio.001937.mp3
cc8602ee,Suco,,Palavras_Files_/cc8602ee.Audio.001953.mp3
1c2769fa,Sopa,,Palavras_Files_/1c2769fa.Audio.002017.mp3
68f2eef5,Suor,,Palavras_Files_/68f2eef5.Audio.002040.mp3
0e0c7788,Semente,,Palavras_Files_/0e0c7788.Audio.002056.mp3
3e52350c,Quarto,,Palavras_Files_/3e52350c.Audio.192042.mp3
fb6e0244,Rato,,Palavras_Files_/fb6e0244.Audio.001311.mp3
488f6a58,Inteligente,,Palavras_Files_/488f6a58.Audio.211030.mp3
b2f95346,Tatu,,Palavras_Files_/b2f95346.Audio.003039.mp3
eb9abf79,Arte,,Palavras_Files_/eb9abf79.Audio.182458.mp3
9287cb8c,Rinoceronte,,Palavras_Files_/9287cb8c.Audio.001326.mp3
f66259ae,Batata,,Palavras_Files_/f66259ae.Audio.184135.mp3
78393602,Chicote,,Palavras_Files_/78393602.Audio.005557.mp3
757da716,Esmalte,,Palavras_Files_/757da716.Audio.201941.mp3
07f3bd68,Tinta,,Palavras_Files_/07f3bd68.Audio.003053.mp3
f66799bb,Tomates,,Palavras_Files_/f66799bb.Audio.003107.mp3
b2459954,Tubarão,,Palavras_Files_/b2459954.Audio.003126.mp3
2218c8e4,Trem,,Palavras_Files_/2218c8e4.Audio.003158.mp3
6480f568,Triângulo,,Palavras_Files_/6480f568.Audio.003211.mp3
e93c8ce1,Troféu,,Palavras_Files_/e93c8ce1.Audio.003227.mp3
61a45869,Tigre,,Palavras_Files_/61a45869.Audio.003246.mp3
48eb5d2b,Televisão,,Palavras_Files_/48eb5d2b.Audio.003303.mp3
f11974d6,Tamanduá,,Palavras_Files_/f11974d6.Audio.003317.mp3
006282b7,Tampa,,Palavras_Files_/006282b7.Audio.003331.mp3
7d6cf205,Tamanco,,Palavras_Files_/7d6cf205.Audio.003345.mp3
7b140fec,Teia,,Palavras_Files_/7b140fec.Audio.003403.mp3
f37837c9,Tulipas,,Palavras_Files_/f37837c9.Audio.003414.mp3
14730161,Touca,,Palavras_Files_/14730161.Audio.003427.mp3
e106b05a,Estudo,,Palavras_Files_/e106b05a.Audio.201958.mp3
ddc6c1e9,Estábulo,,Palavras_Files_/ddc6c1e9.Audio.202018.mp3
98923e6f,Estante,,Palavras_Files_/98923e6f.Audio.202034.mp3
bf4e8240,Cartola,,Palavras_Files_/bf4e8240.Audio.192058.mp3
4e7700a8,História,,Palavras_Files_/4e7700a8.Audio.205338.mp3
32273874,Tatuagem,,Palavras_Files_/32273874.Audio.003440.mp3
3290d295,Utensílio,,Palavras_Files_/3290d295.Audio.003619.mp3
3a64afb9,Pétalas,,Palavras_Files_/3a64afb9.Audio.043830.mp3
d2773f22,Elástico,,Palavras_Files_/d2773f22.Audio.202054.mp3
cbde2a6f,Atividade,,Palavras_Files_/cbde2a6f.Audio.182522.mp3
9f236fdb,Saturno,,Palavras_Files_/9f236fdb.Audio.002119.mp3
0bc441a4,Leitura,,Palavras_Files_/0bc441a4.Audio.214003.mp3
26cc7c80,Justiça,,Palavras_Files_/26cc7c80.Audio.170718.mp3
d593af6f,Laticínio,,Palavras_Files_/d593af6f.Audio.214021.mp3
f797f3c4,Vivos,,Palavras_Files_/f797f3c4.Audio.003755.mp3
22d74777,Cravo,,Palavras_Files_/22d74777.Audio.192115.mp3
1567bc53,Polvo,,Palavras_Files_/1567bc53.Audio.043851.mp3
d9d60bfb,Ovo,,Palavras_Files_/d9d60bfb.Audio.040710.mp3
2c40461c,Vassoura,,Palavras_Files_/2c40461c.Audio.003805.mp3
2d39324f,Varal,,Palavras_Files_/2d39324f.Audio.003817.mp3
e1be5ac4,Ventilador,,Palavras_Files_/e1be5ac4.Audio.003838.mp3
f41845dc,Vela,,Palavras_Files_/f41845dc.Audio.003853.mp3
1344d3a5,Vinho,,Palavras_Files_/1344d3a5.Audio.003905.mp3
276e3be6,Vestido,,Palavras_Files_/276e3be6.Audio.003922.mp3
657034ba,Vagalume,,Palavras_Files_/657034ba.Audio.003934.mp3
9f2ccd46,Voar,,Palavras_Files_/9f2ccd46.Audio.003946.mp3
9c60ea39,Violino,,Palavras_Files_/9c60ea39.Audio.003959.mp3
4fb4670f,Vespa,,Palavras_Files_/4fb4670f.Audio.004012.mp3
ef6d6d8b,Velocidade,,Palavras_Files_/ef6d6d8b.Audio.004024.mp3
66752682,Vegetais,,Palavras_Files_/66752682.Audio.004034.mp3
b6534fbb,Vinagre,,Palavras_Files_/b6534fbb.Audio.004046.mp3
2ff2de64,Violão,,Palavras_Files_/2ff2de64.Audio.004059.mp3
b8def175,Vulcão,,Palavras_Files_/b8def175.Audio.004110.mp3
01fd6e7f,Vapor,,Palavras_Files_/01fd6e7f.Audio.004124.mp3
181825ca,Vasilha,,Palavras_Files_/181825ca.Audio.004455.mp3
515f7b70,Velho,,Palavras_Files_/515f7b70.Audio.004506.mp3
4c5e16c8,Vidro,,Palavras_Files_/4c5e16c8.Audio.004519.mp3
2554eca5,Vovó,,Palavras_Files_/2554eca5.Audio.004536.mp3
a70d0131,Vovô,,Palavras_Files_/a70d0131.Audio.004553.mp3
9471be22,Maravilha,,Palavras_Files_/9471be22.Audio.220845.mp3
19b14b3b,Lavanderia,,Palavras_Files_/19b14b3b.Audio.214041.mp3
b4ffb167,Ervilha,,Palavras_Files_/b4ffb167.Audio.202112.mp3
e2ec96f2,Aventura,,Palavras_Files_/e2ec96f2.Audio.182557.mp3
81587a83,Avental,,Palavras_Files_/81587a83.Audio.182623.mp3
ef4d624b,Caverna,,Palavras_Files_/ef4d624b.Audio.192132.mp3
267969f3,Aviso,,Palavras_Files_/267969f3.Audio.182648.mp3
f24c9974,Ovelha,,Palavras_Files_/f24c9974.Audio.040926.mp3
24bf043d,Polvilho,,Palavras_Files_/24bf043d.Audio.043910.mp3
9b90078d,Caveira,,Palavras_Files_/9b90078d.Audio.192240.mp3
9a665994,Avestruz,,Palavras_Files_/9a665994.Audio.182720.mp3
ba43948c,Javali,,Palavras_Files_/ba43948c.Audio.170739.mp3
9dd8cc2c,Zebra,,Palavras_Files_/9dd8cc2c.Audio.005625.mp3
5b1ce36e,Estilingue,,Palavras_Files_/5b1ce36e.Audio.010237.mp3